{
    "rmse": 0.80428811229806,
    "mae": 0.6570101469557719,
    "r2": 0.010139911824755043
}